"","subject","type","item","condition","question","correct_answer","response","rt","group","ambiguity","trimmed_rt"
"25","L1 1","gap",22,"b","0","-","-",4214,"L1","Unambiguous",4214
"42","L1 1","gap",16,"b","0","-","-",6048,"L1","Unambiguous",6048
"46","L1 1","gap",21,"a","0","-","-",5540,"L1","Ambiguous",5540
"50","L1 1","gap",19,"a","0","-","-",6460,"L1","Ambiguous",6460
"70","L1 1","gap",13,"a","0","-","-",3508,"L1","Ambiguous",3508
"81","L1 1","gap",14,"b","0","-","-",6009,"L1","Unambiguous",6009
"95","L1 1","gap",20,"b","0","-","-",3477,"L1","Unambiguous",3477
"118","L1 1","gap",24,"b","0","-","-",6898,"L1","Unambiguous",6898
"122","L1 1","gap",23,"a","0","-","-",5104,"L1","Ambiguous",5104
"161","L1 1","gap",18,"b","0","-","-",3523,"L1","Unambiguous",3523
"164","L1 1","gap",17,"a","0","-","-",3781,"L1","Ambiguous",3781
"178","L1 1","gap",15,"a","0","-","-",8324,"L1","Ambiguous",8324
"204","L1 2","gap",14,"a","0","-","-",6067,"L1","Ambiguous",6067
"212","L1 2","gap",20,"a","0","-","-",5290,"L1","Ambiguous",5290
"236","L1 2","gap",23,"b","0","-","-",5479,"L1","Unambiguous",5479
"278","L1 2","gap",18,"a","0","-","-",8060,"L1","Ambiguous",8060
"282","L1 2","gap",17,"b","0","-","-",5185,"L1","Unambiguous",5185
"299","L1 2","gap",21,"b","0","-","-",6021,"L1","Unambiguous",6021
"303","L1 2","gap",15,"b","0","-","-",7937,"L1","Unambiguous",7937
"309","L1 2","gap",19,"b","0","-","-",7550,"L1","Unambiguous",7550
"317","L1 2","gap",13,"b","0","-","-",6376,"L1","Unambiguous",6376
"326","L1 2","gap",24,"a","0","-","-",7317,"L1","Ambiguous",7317
"333","L1 2","gap",22,"a","0","-","-",3981,"L1","Ambiguous",3981
"337","L1 2","gap",16,"a","0","-","-",9422,"L1","Ambiguous",9422
"384","L1 3","gap",13,"a","0","-","-",9013,"L1","Ambiguous",9013
"390","L1 3","gap",14,"b","0","-","-",15867,"L1","Unambiguous",15867
"415","L1 3","gap",23,"a","0","-","-",10369,"L1","Ambiguous",10369
"422","L1 3","gap",24,"b","0","-","-",15573,"L1","Unambiguous",15573
"443","L1 3","gap",16,"b","0","-","-",16467,"L1","Unambiguous",16467
"458","L1 3","gap",20,"b","0","-","-",23373,"L1","Unambiguous",23373
"466","L1 3","gap",15,"a","0","-","-",10180,"L1","Ambiguous",10180
"484","L1 3","gap",19,"a","0","-","-",14636,"L1","Ambiguous",14636
"492","L1 3","gap",22,"b","0","-","-",5813,"L1","Unambiguous",5813
"495","L1 3","gap",17,"a","0","-","-",11303,"L1","Ambiguous",11303
"511","L1 3","gap",21,"a","0","-","-",15722,"L1","Ambiguous",15722
"521","L1 3","gap",18,"b","0","-","-",16228,"L1","Unambiguous",16228
"554","L1 4","gap",17,"b","0","-","-",4223,"L1","Unambiguous",4223
"565","L1 4","gap",20,"a","0","-","-",3551,"L1","Ambiguous",3551
"568","L1 4","gap",24,"a","0","-","-",3076,"L1","Ambiguous",3076
"581","L1 4","gap",19,"b","0","-","-",5568,"L1","Unambiguous",5568
"609","L1 4","gap",13,"b","0","-","-",6049,"L1","Unambiguous",6049
"647","L1 4","gap",22,"a","0","-","-",3622,"L1","Ambiguous",3622
"658","L1 4","gap",14,"a","0","-","-",4210,"L1","Ambiguous",4210
"665","L1 4","gap",15,"b","0","-","-",3251,"L1","Unambiguous",3251
"676","L1 4","gap",18,"a","0","-","-",3267,"L1","Ambiguous",3267
"680","L1 4","gap",16,"a","0","-","-",3481,"L1","Ambiguous",3481
"703","L1 4","gap",23,"b","0","-","-",4744,"L1","Unambiguous",4744
"717","L1 4","gap",21,"b","0","-","-",2681,"L1","Unambiguous",2681
"739","L1 5","gap",24,"b","0","-","-",3401,"L1","Unambiguous",3401
"742","L1 5","gap",15,"a","0","-","-",5517,"L1","Ambiguous",5517
"752","L1 5","gap",17,"a","0","-","-",4206,"L1","Ambiguous",4206
"803","L1 5","gap",23,"a","0","-","-",2629,"L1","Ambiguous",2629
"811","L1 5","gap",22,"b","0","-","-",2897,"L1","Unambiguous",2897
"830","L1 5","gap",21,"a","0","-","-",5716,"L1","Ambiguous",5716
"838","L1 5","gap",14,"b","0","-","-",2701,"L1","Unambiguous",2701
"848","L1 5","gap",16,"b","0","-","-",4374,"L1","Unambiguous",4374
"859","L1 5","gap",18,"b","0","-","-",3941,"L1","Unambiguous",3941
"866","L1 5","gap",20,"b","0","-","-",3906,"L1","Unambiguous",3906
"869","L1 5","gap",19,"a","0","-","-",4102,"L1","Ambiguous",4102
"880","L1 5","gap",13,"a","0","-","-",3838,"L1","Ambiguous",3838
"922","L1 6","gap",24,"a","0","-","-",5255,"L1","Ambiguous",5255
"928","L1 6","gap",15,"b","0","-","-",9351,"L1","Unambiguous",9351
"937","L1 6","gap",13,"b","0","-","-",3451,"L1","Unambiguous",3451
"965","L1 6","gap",14,"a","0","-","-",3221,"L1","Ambiguous",3221
"980","L1 6","gap",18,"a","0","-","-",3772,"L1","Ambiguous",3772
"987","L1 6","gap",17,"b","0","-","-",7046,"L1","Unambiguous",7046
"994","L1 6","gap",19,"b","0","-","-",3404,"L1","Unambiguous",3404
"1012","L1 6","gap",21,"b","0","-","-",2885,"L1","Unambiguous",2885
"1038","L1 6","gap",16,"a","0","-","-",3818,"L1","Ambiguous",3818
"1056","L1 6","gap",22,"a","0","-","-",4795,"L1","Ambiguous",4795
"1063","L1 6","gap",20,"a","0","-","-",3597,"L1","Ambiguous",3597
"1071","L1 6","gap",23,"b","0","-","-",5030,"L1","Unambiguous",5030
"1121","L1 7","gap",21,"a","0","-","-",5292,"L1","Ambiguous",5292
"1128","L1 7","gap",16,"b","0","-","-",6938,"L1","Unambiguous",6938
"1134","L1 7","gap",17,"a","0","-","-",6044,"L1","Ambiguous",6044
"1152","L1 7","gap",13,"a","0","-","-",6189,"L1","Ambiguous",6189
"1160","L1 7","gap",20,"b","0","-","-",3903,"L1","Unambiguous",3903
"1167","L1 7","gap",14,"b","0","-","-",8681,"L1","Unambiguous",8681
"1193","L1 7","gap",22,"b","0","-","-",4297,"L1","Unambiguous",4297
"1197","L1 7","gap",24,"b","0","-","-",8082,"L1","Unambiguous",8082
"1209","L1 7","gap",23,"a","0","-","-",3809,"L1","Ambiguous",3809
"1226","L1 7","gap",15,"a","0","-","-",4843,"L1","Ambiguous",4843
"1234","L1 7","gap",18,"b","0","-","-",6428,"L1","Unambiguous",6428
"1255","L1 7","gap",19,"a","0","-","-",3998,"L1","Ambiguous",3998
"1287","L1 8","gap",22,"a","0","-","-",5343,"L1","Ambiguous",5343
"1325","L1 8","gap",14,"a","0","-","-",7300,"L1","Ambiguous",7300
"1329","L1 8","gap",13,"b","0","-","-",11160,"L1","Unambiguous",11160
"1338","L1 8","gap",15,"b","0","-","-",7854,"L1","Unambiguous",7854
"1359","L1 8","gap",17,"b","0","-","-",7591,"L1","Unambiguous",7591
"1366","L1 8","gap",19,"b","0","-","-",7387,"L1","Unambiguous",7387
"1373","L1 8","gap",21,"b","0","-","-",8691,"L1","Unambiguous",8691
"1385","L1 8","gap",23,"b","0","-","-",7157,"L1","Unambiguous",7157
"1394","L1 8","gap",20,"a","0","-","-",3896,"L1","Ambiguous",3896
"1398","L1 8","gap",16,"a","0","-","-",10186,"L1","Ambiguous",10186
"1405","L1 8","gap",24,"a","0","-","-",8370,"L1","Ambiguous",8370
"1426","L1 8","gap",18,"a","0","-","-",6585,"L1","Ambiguous",6585
"1463","L1 9","gap",20,"b","0","-","-",2400,"L1","Unambiguous",2400
"1485","L1 9","gap",16,"b","0","-","-",3387,"L1","Unambiguous",3387
"1494","L1 9","gap",15,"a","0","-","-",2959,"L1","Ambiguous",2959
"1502","L1 9","gap",19,"a","0","-","-",2295,"L1","Ambiguous",2295
"1512","L1 9","gap",13,"a","0","-","-",3114,"L1","Ambiguous",3114
"1535","L1 9","gap",14,"b","0","-","-",2579,"L1","Unambiguous",2579
"1543","L1 9","gap",17,"a","0","-","-",2133,"L1","Ambiguous",2133
"1554","L1 9","gap",22,"b","0","-","-",3249,"L1","Unambiguous",3249
"1557","L1 9","gap",24,"b","0","-","-",3407,"L1","Unambiguous",3407
"1564","L1 9","gap",23,"a","0","-","-",2186,"L1","Ambiguous",2186
"1581","L1 9","gap",21,"a","0","-","-",2293,"L1","Ambiguous",2293
"1593","L1 9","gap",18,"b","0","-","-",2647,"L1","Unambiguous",2647
"1675","L1 10","gap",18,"a","0","-","-",7887,"L1","Ambiguous",7887
"1685","L1 10","gap",13,"b","0","-","-",2856,"L1","Unambiguous",2856
"1688","L1 10","gap",21,"b","0","-","-",2744,"L1","Unambiguous",2744
"1743","L1 10","gap",15,"b","0","-","-",2397,"L1","Unambiguous",2397
"1751","L1 10","gap",20,"a","0","-","-",2785,"L1","Ambiguous",2785
"1755","L1 10","gap",17,"b","0","-","-",3830,"L1","Unambiguous",3830
"1758","L1 10","gap",24,"a","0","-","-",2786,"L1","Ambiguous",2786
"1766","L1 10","gap",22,"a","0","-","-",2757,"L1","Ambiguous",2757
"1776","L1 10","gap",19,"b","0","-","-",5114,"L1","Unambiguous",5114
"1784","L1 10","gap",23,"b","0","-","-",2830,"L1","Unambiguous",2830
"1788","L1 10","gap",14,"a","0","-","-",2509,"L1","Ambiguous",2509
"1791","L1 10","gap",16,"a","0","-","-",2615,"L1","Ambiguous",2615
"1818","L1 11","gap",19,"a","0","-","-",3236,"L1","Ambiguous",3236
"1841","L1 11","gap",18,"b","0","-","-",4214,"L1","Unambiguous",4214
"1844","L1 11","gap",24,"b","0","-","-",3618,"L1","Unambiguous",3618
"1863","L1 11","gap",22,"b","0","-","-",4285,"L1","Unambiguous",4285
"1870","L1 11","gap",23,"a","0","-","-",2353,"L1","Ambiguous",2353
"1895","L1 11","gap",16,"b","0","-","-",4999,"L1","Unambiguous",4999
"1910","L1 11","gap",20,"b","0","-","-",2940,"L1","Unambiguous",2940
"1918","L1 11","gap",21,"a","0","-","-",3286,"L1","Ambiguous",3286
"1921","L1 11","gap",15,"a","0","-","-",4069,"L1","Ambiguous",4069
"1933","L1 11","gap",13,"a","0","-","-",3399,"L1","Ambiguous",3399
"1952","L1 11","gap",17,"a","0","-","-",4484,"L1","Ambiguous",4484
"1969","L1 11","gap",14,"b","0","-","-",3765,"L1","Unambiguous",3765
"2000","L1 12","gap",17,"b","0","-","-",3276,"L1","Unambiguous",3276
"2019","L1 12","gap",15,"b","0","-","-",5506,"L1","Unambiguous",5506
"2041","L1 12","gap",23,"b","0","-","-",4144,"L1","Unambiguous",4144
"2045","L1 12","gap",20,"a","0","-","-",4321,"L1","Ambiguous",4321
"2052","L1 12","gap",13,"b","0","-","-",6288,"L1","Unambiguous",6288
"2056","L1 12","gap",24,"a","0","-","-",5267,"L1","Ambiguous",5267
"2075","L1 12","gap",14,"a","0","-","-",2582,"L1","Ambiguous",2582
"2090","L1 12","gap",21,"b","0","-","-",6499,"L1","Unambiguous",6499
"2104","L1 12","gap",18,"a","0","-","-",3115,"L1","Ambiguous",3115
"2124","L1 12","gap",16,"a","0","-","-",3813,"L1","Ambiguous",3813
"2127","L1 12","gap",22,"a","0","-","-",3303,"L1","Ambiguous",3303
"2149","L1 12","gap",19,"b","0","-","-",4786,"L1","Unambiguous",4786
"2182","L1 13","gap",18,"b","0","-","-",7209,"L1","Unambiguous",7209
"2186","L1 13","gap",16,"b","0","-","-",4973,"L1","Unambiguous",4973
"2194","L1 13","gap",22,"b","0","-","-",4127,"L1","Unambiguous",4127
"2236","L1 13","gap",23,"a","0","-","-",4120,"L1","Ambiguous",4120
"2243","L1 13","gap",19,"a","0","-","-",3823,"L1","Ambiguous",3823
"2248","L1 13","gap",20,"b","0","-","-",3663,"L1","Unambiguous",3663
"2255","L1 13","gap",13,"a","0","-","-",3910,"L1","Ambiguous",3910
"2289","L1 13","gap",17,"a","0","-","-",5029,"L1","Ambiguous",5029
"2300","L1 13","gap",15,"a","0","-","-",5997,"L1","Ambiguous",5997
"2310","L1 13","gap",21,"a","0","-","-",3682,"L1","Ambiguous",3682
"2319","L1 13","gap",24,"b","0","-","-",6131,"L1","Unambiguous",6131
"2327","L1 13","gap",14,"b","0","-","-",6430,"L1","Unambiguous",6430
"2387","L1 14","gap",18,"a","0","-","-",4799,"L1","Ambiguous",4799
"2399","L1 14","gap",21,"b","0","-","-",4076,"L1","Unambiguous",4076
"2438","L1 14","gap",19,"b","0","-","-",4799,"L1","Unambiguous",4799
"2445","L1 14","gap",23,"b","0","-","-",4628,"L1","Unambiguous",4628
"2455","L1 14","gap",24,"a","0","-","-",4136,"L1","Ambiguous",4136
"2463","L1 14","gap",15,"b","0","-","-",4846,"L1","Unambiguous",4846
"2474","L1 14","gap",22,"a","0","-","-",3683,"L1","Ambiguous",3683
"2490","L1 14","gap",17,"b","0","-","-",4317,"L1","Unambiguous",4317
"2493","L1 14","gap",20,"a","0","-","-",4260,"L1","Ambiguous",4260
"2499","L1 14","gap",13,"b","0","-","-",2267,"L1","Unambiguous",2267
"2510","L1 14","gap",14,"a","0","-","-",3178,"L1","Ambiguous",3178
"2514","L1 14","gap",16,"a","0","-","-",5187,"L1","Ambiguous",5187
"2535","L1 15","gap",23,"a","0","-","-",7152,"L1","Ambiguous",7152
"2569","L1 15","gap",22,"b","0","-","-",5523,"L1","Unambiguous",5523
"2573","L1 15","gap",17,"a","0","-","-",3898,"L1","Ambiguous",3898
"2580","L1 15","gap",19,"a","0","-","-",1303,"L1","Ambiguous",1303
"2597","L1 15","gap",13,"a","0","-","-",4147,"L1","Ambiguous",4147
"2604","L1 15","gap",15,"a","0","-","-",15349,"L1","Ambiguous",15349
"2608","L1 15","gap",18,"b","0","-","-",8551,"L1","Unambiguous",8551
"2655","L1 15","gap",24,"b","0","-","-",12662,"L1","Unambiguous",12662
"2659","L1 15","gap",21,"a","0","-","-",1826,"L1","Ambiguous",1826
"2667","L1 15","gap",14,"b","0","-","-",22631,"L1","Unambiguous",22631
"2684","L1 15","gap",20,"b","0","-","-",11467,"L1","Unambiguous",11467
"2694","L1 15","gap",16,"b","0","-","-",7843,"L1","Unambiguous",7843
"2715","L1 16","gap",23,"b","0","-","-",4245,"L1","Unambiguous",4245
"2718","L1 16","gap",16,"a","0","-","-",4141,"L1","Ambiguous",4141
"2721","L1 16","gap",18,"a","0","-","-",3509,"L1","Ambiguous",3509
"2734","L1 16","gap",20,"a","0","-","-",3936,"L1","Ambiguous",3936
"2748","L1 16","gap",14,"a","0","-","-",3600,"L1","Ambiguous",3600
"2760","L1 16","gap",19,"b","0","-","-",3578,"L1","Unambiguous",3578
"2782","L1 16","gap",21,"b","0","-","-",3987,"L1","Unambiguous",3987
"2785","L1 16","gap",13,"b","0","-","-",4188,"L1","Unambiguous",4188
"2792","L1 16","gap",22,"a","0","-","-",8355,"L1","Ambiguous",8355
"2829","L1 16","gap",24,"a","0","-","-",8720,"L1","Ambiguous",8720
"2867","L1 16","gap",15,"b","0","-","-",8336,"L1","Unambiguous",8336
"2873","L1 16","gap",17,"b","0","-","-",4257,"L1","Unambiguous",4257
"2907","L1 17","gap",16,"b","0","-","-",3096,"L1","Unambiguous",3096
"2922","L1 17","gap",13,"a","0","-","-",3464,"L1","Ambiguous",3464
"2929","L1 17","gap",19,"a","0","-","-",3049,"L1","Ambiguous",3049
"2953","L1 17","gap",18,"b","0","-","-",3456,"L1","Unambiguous",3456
"2990","L1 17","gap",15,"a","0","-","-",6177,"L1","Ambiguous",6177
"2998","L1 17","gap",24,"b","0","-","-",4707,"L1","Unambiguous",4707
"3001","L1 17","gap",23,"a","0","-","-",2602,"L1","Ambiguous",2602
"3014","L1 17","gap",17,"a","0","-","-",4099,"L1","Ambiguous",4099
"3018","L1 17","gap",22,"b","0","-","-",2984,"L1","Unambiguous",2984
"3035","L1 17","gap",14,"b","0","-","-",2535,"L1","Unambiguous",2535
"3047","L1 17","gap",20,"b","0","-","-",3883,"L1","Unambiguous",3883
"3058","L1 17","gap",21,"a","0","-","-",2309,"L1","Ambiguous",2309
"3090","L1 18","gap",14,"a","0","-","-",3022,"L1","Ambiguous",3022
"3094","L1 18","gap",22,"a","0","-","-",3860,"L1","Ambiguous",3860
"3105","L1 18","gap",24,"a","0","-","-",4566,"L1","Ambiguous",4566
"3115","L1 18","gap",20,"a","0","-","-",2681,"L1","Ambiguous",2681
"3131","L1 18","gap",17,"b","0","-","-",4557,"L1","Unambiguous",4557
"3146","L1 18","gap",21,"b","0","-","-",4990,"L1","Unambiguous",4990
"3174","L1 18","gap",15,"b","0","-","-",10828,"L1","Unambiguous",10828
"3194","L1 18","gap",19,"b","0","-","-",8199,"L1","Unambiguous",8199
"3210","L1 18","gap",16,"a","0","-","-",5258,"L1","Ambiguous",5258
"3213","L1 18","gap",13,"b","0","-","-",3158,"L1","Unambiguous",3158
"3217","L1 18","gap",23,"b","0","-","-",3349,"L1","Unambiguous",3349
"3220","L1 18","gap",18,"a","0","-","-",3516,"L1","Ambiguous",3516
"3262","L1 19","gap",16,"b","0","-","-",4122,"L1","Unambiguous",4122
"3288","L1 19","gap",23,"a","0","-","-",5770,"L1","Ambiguous",5770
"3292","L1 19","gap",15,"a","0","-","-",4617,"L1","Ambiguous",4617
"3298","L1 19","gap",20,"b","0","-","-",4074,"L1","Unambiguous",4074
"3315","L1 19","gap",13,"a","0","-","-",5291,"L1","Ambiguous",5291
"3318","L1 19","gap",22,"b","0","-","-",3774,"L1","Unambiguous",3774
"3336","L1 19","gap",17,"a","0","-","-",3814,"L1","Ambiguous",3814
"3339","L1 19","gap",21,"a","0","-","-",4071,"L1","Ambiguous",4071
"3353","L1 19","gap",19,"a","0","-","-",5385,"L1","Ambiguous",5385
"3378","L1 19","gap",24,"b","0","-","-",6811,"L1","Unambiguous",6811
"3401","L1 19","gap",14,"b","0","-","-",5096,"L1","Unambiguous",5096
"3418","L1 19","gap",18,"b","0","-","-",4154,"L1","Unambiguous",4154
"3466","L1 20","gap",15,"b","0","-","-",7619,"L1","Unambiguous",7619
"3473","L1 20","gap",22,"a","0","-","-",8430,"L1","Ambiguous",8430
"3495","L1 20","gap",17,"b","0","-","-",5224,"L1","Unambiguous",5224
"3502","L1 20","gap",24,"a","0","-","-",8409,"L1","Ambiguous",8409
"3518","L1 20","gap",21,"b","0","-","-",4848,"L1","Unambiguous",4848
"3532","L1 20","gap",14,"a","0","-","-",4910,"L1","Ambiguous",4910
"3539","L1 20","gap",13,"b","0","-","-",7840,"L1","Unambiguous",7840
"3543","L1 20","gap",23,"b","0","-","-",5994,"L1","Unambiguous",5994
"3562","L1 20","gap",19,"b","0","-","-",4527,"L1","Unambiguous",4527
"3569","L1 20","gap",16,"a","0","-","-",5220,"L1","Ambiguous",5220
"3572","L1 20","gap",18,"a","0","-","-",5920,"L1","Ambiguous",5920
"3591","L1 20","gap",20,"a","0","-","-",2782,"L1","Ambiguous",2782
"3620","L1 21","gap",17,"a","0","-","-",2579,"L1","Ambiguous",2579
"3637","L1 21","gap",21,"a","0","-","-",3252,"L1","Ambiguous",3252
"3643","L1 21","gap",18,"b","0","-","-",2707,"L1","Unambiguous",2707
"3650","L1 21","gap",19,"a","0","-","-",4242,"L1","Ambiguous",4242
"3661","L1 21","gap",24,"b","0","-","-",5629,"L1","Unambiguous",5629
"3669","L1 21","gap",22,"b","0","-","-",2750,"L1","Unambiguous",2750
"3697","L1 21","gap",14,"b","0","-","-",5753,"L1","Unambiguous",5753
"3700","L1 21","gap",23,"a","0","-","-",3580,"L1","Ambiguous",3580
"3703","L1 21","gap",16,"b","0","-","-",11340,"L1","Unambiguous",11340
"3717","L1 21","gap",15,"a","0","-","-",5833,"L1","Ambiguous",5833
"3753","L1 21","gap",20,"b","0","-","-",2841,"L1","Unambiguous",2841
"3778","L1 21","gap",13,"a","0","-","-",7115,"L1","Ambiguous",7115
"3807","L1 22","gap",15,"b","0","-","-",8583,"L1","Unambiguous",8583
"3811","L1 22","gap",13,"b","0","-","-",4636,"L1","Unambiguous",4636
"3814","L1 22","gap",20,"a","0","-","-",5004,"L1","Ambiguous",5004
"3818","L1 22","gap",23,"b","0","-","-",7538,"L1","Unambiguous",7538
"3847","L1 22","gap",18,"a","0","-","-",5654,"L1","Ambiguous",5654
"3854","L1 22","gap",16,"a","0","-","-",8600,"L1","Ambiguous",8600
"3862","L1 22","gap",24,"a","0","-","-",3915,"L1","Ambiguous",3915
"3878","L1 22","gap",21,"b","0","-","-",4643,"L1","Unambiguous",4643
"3884","L1 22","gap",19,"b","0","-","-",5828,"L1","Unambiguous",5828
"3895","L1 22","gap",17,"b","0","-","-",5026,"L1","Unambiguous",5026
"3922","L1 22","gap",22,"a","0","-","-",5447,"L1","Ambiguous",5447
"3937","L1 22","gap",14,"a","0","-","-",6403,"L1","Ambiguous",6403
"3985","L1 23","gap",15,"a","0","-","-",7157,"L1","Ambiguous",7157
"3997","L1 23","gap",20,"b","0","-","-",5656,"L1","Unambiguous",5656
"4008","L1 23","gap",24,"b","0","-","-",7395,"L1","Unambiguous",7395
"4041","L1 23","gap",17,"a","0","-","-",6825,"L1","Ambiguous",6825
"4044","L1 23","gap",19,"a","0","-","-",5239,"L1","Ambiguous",5239
"4055","L1 23","gap",14,"b","0","-","-",5605,"L1","Unambiguous",5605
"4082","L1 23","gap",18,"b","0","-","-",10642,"L1","Unambiguous",10642
"4089","L1 23","gap",16,"b","0","-","-",11550,"L1","Unambiguous",11550
"4100","L1 23","gap",13,"a","0","-","-",3242,"L1","Ambiguous",3242
"4111","L1 23","gap",23,"a","0","-","-",6985,"L1","Ambiguous",6985
"4117","L1 23","gap",21,"a","0","-","-",4354,"L1","Ambiguous",4354
"4124","L1 23","gap",22,"b","0","-","-",6205,"L1","Unambiguous",6205
"4155","L1 24","gap",13,"b","0","-","-",7809,"L1","Unambiguous",7809
"4177","L1 24","gap",23,"b","0","-","-",4123,"L1","Unambiguous",4123
"4181","L1 24","gap",19,"b","0","-","-",3885,"L1","Unambiguous",3885
"4191","L1 24","gap",14,"a","0","-","-",4769,"L1","Ambiguous",4769
"4229","L1 24","gap",20,"a","0","-","-",3692,"L1","Ambiguous",3692
"4239","L1 24","gap",21,"b","0","-","-",4963,"L1","Unambiguous",4963
"4245","L1 24","gap",18,"a","0","-","-",3014,"L1","Ambiguous",3014
"4249","L1 24","gap",22,"a","0","-","-",4804,"L1","Ambiguous",4804
"4259","L1 24","gap",15,"b","0","-","-",5017,"L1","Unambiguous",5017
"4267","L1 24","gap",24,"a","0","-","-",5862,"L1","Ambiguous",5862
"4274","L1 24","gap",16,"a","0","-","-",4012,"L1","Ambiguous",4012
"4292","L1 24","gap",17,"b","0","-","-",12679,"L1","Unambiguous",12679
"4376","L1 25","gap",24,"b","0","-","-",4691,"L1","Unambiguous",4691
"4383","L1 25","gap",16,"b","0","-","-",5348,"L1","Unambiguous",5348
"4386","L1 25","gap",17,"a","0","-","-",3083,"L1","Ambiguous",3083
"4404","L1 25","gap",13,"a","0","-","-",4071,"L1","Ambiguous",4071
"4419","L1 25","gap",22,"b","0","-","-",4023,"L1","Unambiguous",4023
"4430","L1 25","gap",18,"b","0","-","-",4164,"L1","Unambiguous",4164
"4439","L1 25","gap",21,"a","0","-","-",3566,"L1","Ambiguous",3566
"4442","L1 25","gap",23,"a","0","-","-",4771,"L1","Ambiguous",4771
"4456","L1 25","gap",15,"a","0","-","-",2750,"L1","Ambiguous",2750
"4467","L1 25","gap",19,"a","0","-","-",7842,"L1","Ambiguous",7842
"4475","L1 25","gap",14,"b","0","-","-",5542,"L1","Unambiguous",5542
"4490","L1 25","gap",20,"b","0","-","-",2680,"L1","Unambiguous",2680
"4533","L1 26","gap",19,"b","0","-","-",5810,"L1","Unambiguous",5810
"4536","L1 26","gap",15,"b","0","-","-",8853,"L1","Unambiguous",8853
"4554","L1 26","gap",21,"b","0","-","-",6284,"L1","Unambiguous",6284
"4569","L1 26","gap",17,"b","0","-","-",5895,"L1","Unambiguous",5895
"4582","L1 26","gap",14,"a","0","-","-",4057,"L1","Ambiguous",4057
"4600","L1 26","gap",13,"b","0","-","-",8456,"L1","Unambiguous",8456
"4606","L1 26","gap",22,"a","0","-","-",8146,"L1","Ambiguous",8146
"4609","L1 26","gap",20,"a","0","-","-",2536,"L1","Ambiguous",2536
"4635","L1 26","gap",16,"a","0","-","-",8652,"L1","Ambiguous",8652
"4642","L1 26","gap",18,"a","0","-","-",5464,"L1","Ambiguous",5464
"4659","L1 26","gap",24,"a","0","-","-",5697,"L1","Ambiguous",5697
"4663","L1 26","gap",23,"b","0","-","-",5727,"L1","Unambiguous",5727
"4718","L1 27","gap",20,"b","0","-","-",8599,"L1","Unambiguous",8599
"4728","L1 27","gap",19,"a","0","-","-",2113,"L1","Ambiguous",2113
"4736","L1 27","gap",24,"b","0","-","-",6167,"L1","Unambiguous",6167
"4765","L1 27","gap",17,"a","0","-","-",8611,"L1","Ambiguous",8611
"4769","L1 27","gap",23,"a","0","-","-",6358,"L1","Ambiguous",6358
"4776","L1 27","gap",14,"b","0","-","-",2675,"L1","Unambiguous",2675
"4802","L1 27","gap",22,"b","0","-","-",7235,"L1","Unambiguous",7235
"4808","L1 27","gap",18,"b","0","-","-",4780,"L1","Unambiguous",4780
"4818","L1 27","gap",16,"b","0","-","-",5710,"L1","Unambiguous",5710
"4832","L1 27","gap",15,"a","0","-","-",3089,"L1","Ambiguous",3089
"4839","L1 27","gap",13,"a","0","-","-",3862,"L1","Ambiguous",3862
"4846","L1 27","gap",21,"a","0","-","-",8519,"L1","Ambiguous",8519
"4874","L1 28","gap",24,"a","0","-","-",3365,"L1","Ambiguous",3365
"4878","L1 28","gap",15,"b","0","-","-",6383,"L1","Unambiguous",6383
"4892","L1 28","gap",20,"a","0","-","-",4712,"L1","Ambiguous",4712
"4925","L1 28","gap",18,"a","0","-","-",5868,"L1","Ambiguous",5868
"4931","L1 28","gap",14,"a","0","-","-",4212,"L1","Ambiguous",4212
"4935","L1 28","gap",17,"b","0","-","-",7526,"L1","Unambiguous",7526
"4946","L1 28","gap",13,"b","0","-","-",7689,"L1","Unambiguous",7689
"4953","L1 28","gap",21,"b","0","-","-",3499,"L1","Unambiguous",3499
"4966","L1 28","gap",19,"b","0","-","-",6642,"L1","Unambiguous",6642
"5003","L1 28","gap",23,"b","0","-","-",3425,"L1","Unambiguous",3425
"5019","L1 28","gap",16,"a","0","-","-",3910,"L1","Ambiguous",3910
"5026","L1 28","gap",22,"a","0","-","-",6881,"L1","Ambiguous",6881
"5084","L1 29","gap",17,"a","0","-","-",4249,"L1","Ambiguous",4249
"5087","L1 29","gap",22,"b","0","-","-",8290,"L1","Unambiguous",8290
"5095","L1 29","gap",18,"b","0","-","-",5243,"L1","Unambiguous",5243
"5109","L1 29","gap",15,"a","0","-","-",6450,"L1","Ambiguous",6450
"5115","L1 29","gap",24,"b","0","-","-",8819,"L1","Unambiguous",8819
"5121","L1 29","gap",20,"b","0","-","-",4805,"L1","Unambiguous",4805
"5128","L1 29","gap",23,"a","0","-","-",3919,"L1","Ambiguous",3919
"5145","L1 29","gap",16,"b","0","-","-",6584,"L1","Unambiguous",6584
"5150","L1 29","gap",14,"b","0","-","-",5484,"L1","Unambiguous",5484
"5171","L1 29","gap",19,"a","0","-","-",9439,"L1","Ambiguous",9439
"5179","L1 29","gap",13,"a","0","-","-",4988,"L1","Ambiguous",4988
"5191","L1 29","gap",21,"a","0","-","-",5055,"L1","Ambiguous",5055
"5234","L1 30","gap",23,"b","0","-","-",4630,"L1","Unambiguous",4630
"5242","L1 30","gap",13,"b","0","-","-",3539,"L1","Unambiguous",3539
"5253","L1 30","gap",18,"a","0","-","-",5291,"L1","Ambiguous",5291
"5259","L1 30","gap",17,"b","0","-","-",5428,"L1","Unambiguous",5428
"5265","L1 30","gap",20,"a","0","-","-",2903,"L1","Ambiguous",2903
"5314","L1 30","gap",21,"b","0","-","-",4879,"L1","Unambiguous",4879
"5336","L1 30","gap",15,"b","0","-","-",4220,"L1","Unambiguous",4220
"5347","L1 30","gap",16,"a","0","-","-",4663,"L1","Ambiguous",4663
"5375","L1 30","gap",19,"b","0","-","-",3154,"L1","Unambiguous",3154
"5379","L1 30","gap",14,"a","0","-","-",3656,"L1","Ambiguous",3656
"5387","L1 30","gap",22,"a","0","-","-",4246,"L1","Ambiguous",4246
"5397","L1 30","gap",24,"a","0","-","-",6551,"L1","Ambiguous",6551
"5414","L1 31","gap",15,"a","0","-","-",9535,"L1","Ambiguous",9535
"5421","L1 31","gap",24,"b","0","-","-",13571,"L1","Unambiguous",13571
"5467","L1 31","gap",19,"a","0","-","-",8563,"L1","Ambiguous",8563
"5474","L1 31","gap",18,"b","0","-","-",5113,"L1","Unambiguous",5113
"5482","L1 31","gap",23,"a","0","-","-",5334,"L1","Ambiguous",5334
"5493","L1 31","gap",22,"b","0","-","-",4366,"L1","Unambiguous",4366
"5503","L1 31","gap",17,"a","0","-","-",3120,"L1","Ambiguous",3120
"5507","L1 31","gap",20,"b","0","-","-",9492,"L1","Unambiguous",9492
"5529","L1 31","gap",14,"b","0","-","-",6601,"L1","Unambiguous",6601
"5541","L1 31","gap",13,"a","0","-","-",5408,"L1","Ambiguous",5408
"5555","L1 31","gap",21,"a","0","-","-",6395,"L1","Ambiguous",6395
"5577","L1 31","gap",16,"b","0","-","-",7570,"L1","Unambiguous",7570
"5601","L1 32","gap",19,"b","0","-","-",5939,"L1","Unambiguous",5939
"5610","L1 32","gap",21,"b","0","-","-",4888,"L1","Unambiguous",4888
"5628","L1 32","gap",22,"a","0","-","-",5657,"L1","Ambiguous",5657
"5632","L1 32","gap",23,"b","0","-","-",4330,"L1","Unambiguous",4330
"5643","L1 32","gap",20,"a","0","-","-",7366,"L1","Ambiguous",7366
"5650","L1 32","gap",17,"b","0","-","-",8534,"L1","Unambiguous",8534
"5655","L1 32","gap",24,"a","0","-","-",4500,"L1","Ambiguous",4500
"5658","L1 32","gap",15,"b","0","-","-",4311,"L1","Unambiguous",4311
"5674","L1 32","gap",14,"a","0","-","-",6089,"L1","Ambiguous",6089
"5678","L1 32","gap",16,"a","0","-","-",10548,"L1","Ambiguous",10548
"5726","L1 32","gap",13,"b","0","-","-",4459,"L1","Unambiguous",4459
"5732","L1 32","gap",18,"a","0","-","-",3281,"L1","Ambiguous",3281
"5782","L1 33","gap",19,"a","0","-","-",6432,"L1","Ambiguous",6432
"5801","L1 33","gap",16,"b","0","-","-",5922,"L1","Unambiguous",5922
"5805","L1 33","gap",21,"a","0","-","-",7273,"L1","Ambiguous",7273
"5815","L1 33","gap",15,"a","0","-","-",17566,"L1","Ambiguous",17566
"5822","L1 33","gap",13,"a","0","-","-",4662,"L1","Ambiguous",4662
"5831","L1 33","gap",18,"b","0","-","-",7817,"L1","Unambiguous",7817
"5868","L1 33","gap",20,"b","0","-","-",14560,"L1","Unambiguous",14560
"5874","L1 33","gap",23,"a","0","-","-",5984,"L1","Ambiguous",5984
"5909","L1 33","gap",22,"b","0","-","-",5120,"L1","Unambiguous",5120
"5913","L1 33","gap",17,"a","0","-","-",5371,"L1","Ambiguous",5371
"5917","L1 33","gap",24,"b","0","-","-",8894,"L1","Unambiguous",8894
"5923","L1 33","gap",14,"b","0","-","-",7071,"L1","Unambiguous",7071
"5972","L1 34","gap",15,"b","0","-","-",4085,"L1","Unambiguous",4085
"5994","L1 34","gap",20,"a","0","-","-",2969,"L1","Ambiguous",2969
"6001","L1 34","gap",24,"a","0","-","-",4219,"L1","Ambiguous",4219
"6034","L1 34","gap",13,"b","0","-","-",3206,"L1","Unambiguous",3206
"6037","L1 34","gap",18,"a","0","-","-",3300,"L1","Ambiguous",3300
"6043","L1 34","gap",16,"a","0","-","-",4310,"L1","Ambiguous",4310
"6056","L1 34","gap",19,"b","0","-","-",3590,"L1","Unambiguous",3590
"6068","L1 34","gap",23,"b","0","-","-",3143,"L1","Unambiguous",3143
"6079","L1 34","gap",22,"a","0","-","-",2822,"L1","Ambiguous",2822
"6093","L1 34","gap",21,"b","0","-","-",3820,"L1","Unambiguous",3820
"6104","L1 34","gap",17,"b","0","-","-",4161,"L1","Unambiguous",4161
"6111","L1 34","gap",14,"a","0","-","-",3559,"L1","Ambiguous",3559
"6152","L1 35","gap",17,"a","0","-","-",11348,"L1","Ambiguous",11348
"6182","L1 35","gap",22,"b","0","-","-",3909,"L1","Unambiguous",3909
"6192","L1 35","gap",18,"b","0","-","-",3137,"L1","Unambiguous",3137
"6198","L1 35","gap",23,"a","0","-","-",3302,"L1","Ambiguous",3302
"6220","L1 35","gap",19,"a","0","-","-",4693,"L1","Ambiguous",4693
"6226","L1 35","gap",21,"a","0","-","-",2881,"L1","Ambiguous",2881
"6240","L1 35","gap",24,"b","0","-","-",3410,"L1","Unambiguous",3410
"6265","L1 35","gap",13,"a","0","-","-",3151,"L1","Ambiguous",3151
"6274","L1 35","gap",20,"b","0","-","-",3421,"L1","Unambiguous",3421
"6282","L1 35","gap",16,"b","0","-","-",2335,"L1","Unambiguous",2335
"6290","L1 35","gap",14,"b","0","-","-",3694,"L1","Unambiguous",3694
"6294","L1 35","gap",15,"a","0","-","-",6037,"L1","Ambiguous",6037
"6314","L1 36","gap",19,"b","0","-","-",3574,"L1","Unambiguous",3574
"6327","L1 36","gap",15,"b","0","-","-",6687,"L1","Unambiguous",6687
"6354","L1 36","gap",21,"b","0","-","-",3851,"L1","Unambiguous",3851
"6361","L1 36","gap",14,"a","0","-","-",3907,"L1","Ambiguous",3907
"6369","L1 36","gap",16,"a","0","-","-",4492,"L1","Ambiguous",4492
"6373","L1 36","gap",23,"b","0","-","-",2797,"L1","Unambiguous",2797
"6401","L1 36","gap",18,"a","0","-","-",6533,"L1","Ambiguous",6533
"6420","L1 36","gap",22,"a","0","-","-",3641,"L1","Ambiguous",3641
"6426","L1 36","gap",24,"a","0","-","-",13110,"L1","Ambiguous",13110
"6433","L1 36","gap",17,"b","0","-","-",8729,"L1","Unambiguous",8729
"6437","L1 36","gap",20,"a","0","-","-",5832,"L1","Ambiguous",5832
"6474","L1 36","gap",13,"b","0","-","-",2827,"L1","Unambiguous",2827
"6499","L1 37","gap",15,"a","0","-","-",4326,"L1","Ambiguous",4326
"6506","L1 37","gap",21,"a","0","-","-",4213,"L1","Ambiguous",4213
"6512","L1 37","gap",13,"a","0","-","-",4065,"L1","Ambiguous",4065
"6555","L1 37","gap",20,"b","0","-","-",3064,"L1","Unambiguous",3064
"6559","L1 37","gap",24,"b","0","-","-",5824,"L1","Unambiguous",5824
"6562","L1 37","gap",23,"a","0","-","-",6006,"L1","Ambiguous",6006
"6595","L1 37","gap",19,"a","0","-","-",4501,"L1","Ambiguous",4501
"6601","L1 37","gap",22,"b","0","-","-",3328,"L1","Unambiguous",3328
"6613","L1 37","gap",17,"a","0","-","-",3918,"L1","Ambiguous",3918
"6628","L1 37","gap",16,"b","0","-","-",4239,"L1","Unambiguous",4239
"6641","L1 37","gap",14,"b","0","-","-",4339,"L1","Unambiguous",4339
"6651","L1 37","gap",18,"b","0","-","-",5555,"L1","Unambiguous",5555
"6679","L1 38","gap",19,"b","0","-","-",3096,"L1","Unambiguous",3096
"6690","L1 38","gap",14,"a","0","-","-",3212,"L1","Ambiguous",3212
"6701","L1 38","gap",16,"a","0","-","-",5994,"L1","Ambiguous",5994
"6715","L1 38","gap",17,"b","0","-","-",2437,"L1","Unambiguous",2437
"6729","L1 38","gap",20,"a","0","-","-",3987,"L1","Ambiguous",3987
"6746","L1 38","gap",22,"a","0","-","-",5141,"L1","Ambiguous",5141
"6749","L1 38","gap",23,"b","0","-","-",3150,"L1","Unambiguous",3150
"6759","L1 38","gap",18,"a","0","-","-",5173,"L1","Ambiguous",5173
"6794","L1 38","gap",24,"a","0","-","-",5149,"L1","Ambiguous",5149
"6801","L1 38","gap",21,"b","0","-","-",3952,"L1","Unambiguous",3952
"6825","L1 38","gap",15,"b","0","-","-",6068,"L1","Unambiguous",6068
"6832","L1 38","gap",13,"b","0","-","-",3979,"L1","Unambiguous",3979
"6860","L1 39","gap",23,"a","0","-","-",5032,"L1","Ambiguous",5032
"6893","L1 39","gap",17,"a","0","-","-",5353,"L1","Ambiguous",5353
"6900","L1 39","gap",22,"b","0","-","-",5461,"L1","Unambiguous",5461
"6921","L1 39","gap",13,"a","0","-","-",5832,"L1","Ambiguous",5832
"6924","L1 39","gap",14,"b","0","-","-",7103,"L1","Unambiguous",7103
"6932","L1 39","gap",15,"a","0","-","-",6463,"L1","Ambiguous",6463
"6939","L1 39","gap",24,"b","0","-","-",5084,"L1","Unambiguous",5084
"6943","L1 39","gap",16,"b","0","-","-",7654,"L1","Unambiguous",7654
"6953","L1 39","gap",20,"b","0","-","-",3301,"L1","Unambiguous",3301
"6993","L1 39","gap",19,"a","0","-","-",4741,"L1","Ambiguous",4741
"6996","L1 39","gap",18,"b","0","-","-",5334,"L1","Unambiguous",5334
"7014","L1 39","gap",21,"a","0","-","-",2810,"L1","Ambiguous",2810
"7041","L1 40","gap",20,"a","0","-","-",6484,"L1","Ambiguous",6484
"7058","L1 40","gap",17,"b","0","-","-",5207,"L1","Unambiguous",5207
"7069","L1 40","gap",22,"a","0","-","-",7481,"L1","Ambiguous",7481
"7081","L1 40","gap",14,"a","0","-","-",5866,"L1","Ambiguous",5866
"7100","L1 40","gap",24,"a","0","-","-",3809,"L1","Ambiguous",3809
"7117","L1 40","gap",15,"b","0","-","-",6770,"L1","Unambiguous",6770
"7121","L1 40","gap",13,"b","0","-","-",5992,"L1","Unambiguous",5992
"7131","L1 40","gap",18,"a","0","-","-",6094,"L1","Ambiguous",6094
"7134","L1 40","gap",21,"b","0","-","-",7383,"L1","Unambiguous",7383
"7141","L1 40","gap",23,"b","0","-","-",2933,"L1","Unambiguous",2933
"7184","L1 40","gap",16,"a","0","-","-",4521,"L1","Ambiguous",4521
"7190","L1 40","gap",19,"b","0","-","-",3205,"L1","Unambiguous",3205
"7229","L2 1","gap",19,"a","0","-","-",9041,"L2","Ambiguous",9041
"7246","L2 1","gap",14,"b","0","-","-",5526,"L2","Unambiguous",5526
"7261","L2 1","gap",18,"b","0","-","-",10108,"L2","Unambiguous",10108
"7265","L2 1","gap",21,"a","0","-","-",4589,"L2","Ambiguous",4589
"7279","L2 1","gap",16,"b","0","-","-",11361,"L2","Unambiguous",11361
"7285","L2 1","gap",22,"b","0","-","-",14733,"L2","Unambiguous",14733
"7295","L2 1","gap",15,"a","0","-","-",13338,"L2","Ambiguous",13338
"7313","L2 1","gap",13,"a","0","-","-",17061,"L2","Ambiguous",17061
"7321","L2 1","gap",17,"a","0","-","-",11833,"L2","Ambiguous",11833
"7335","L2 1","gap",23,"a","0","-","-",12171,"L2","Ambiguous",12171
"7354","L2 1","gap",24,"b","0","-","-",10121,"L2","Unambiguous",10121
"7378","L2 1","gap",20,"b","0","-","-",10289,"L2","Unambiguous",10289
"7402","L2 2","gap",14,"a","0","-","-",6515,"L2","Ambiguous",6515
"7412","L2 2","gap",17,"b","0","-","-",10064,"L2","Unambiguous",10064
"7419","L2 2","gap",23,"b","0","-","-",7993,"L2","Unambiguous",7993
"7455","L2 2","gap",19,"b","0","-","-",7703,"L2","Unambiguous",7703
"7461","L2 2","gap",24,"a","0","-","-",11367,"L2","Ambiguous",11367
"7475","L2 2","gap",18,"a","0","-","-",4807,"L2","Ambiguous",4807
"7485","L2 2","gap",22,"a","0","-","-",6917,"L2","Ambiguous",6917
"7494","L2 2","gap",20,"a","0","-","-",8511,"L2","Ambiguous",8511
"7522","L2 2","gap",15,"b","0","-","-",6078,"L2","Unambiguous",6078
"7532","L2 2","gap",13,"b","0","-","-",4342,"L2","Unambiguous",4342
"7536","L2 2","gap",16,"a","0","-","-",6377,"L2","Ambiguous",6377
"7557","L2 2","gap",21,"b","0","-","-",3204,"L2","Unambiguous",3204
"7579","L2 3","gap",23,"a","0","-","-",5486,"L2","Ambiguous",5486
"7585","L2 3","gap",19,"a","0","-","-",5880,"L2","Ambiguous",5880
"7592","L2 3","gap",14,"b","0","-","-",5846,"L2","Unambiguous",5846
"7596","L2 3","gap",17,"a","0","-","-",8316,"L2","Ambiguous",8316
"7603","L2 3","gap",18,"b","0","-","-",8201,"L2","Unambiguous",8201
"7616","L2 3","gap",21,"a","0","-","-",5149,"L2","Ambiguous",5149
"7632","L2 3","gap",13,"a","0","-","-",6131,"L2","Ambiguous",6131
"7635","L2 3","gap",16,"b","0","-","-",6124,"L2","Unambiguous",6124
"7642","L2 3","gap",24,"b","0","-","-",6083,"L2","Unambiguous",6083
"7659","L2 3","gap",15,"a","0","-","-",5716,"L2","Ambiguous",5716
"7687","L2 3","gap",22,"b","0","-","-",3995,"L2","Unambiguous",3995
"7721","L2 3","gap",20,"b","0","-","-",4184,"L2","Unambiguous",4184
"7755","L2 4","gap",23,"b","0","-","-",5066,"L2","Unambiguous",5066
"7758","L2 4","gap",18,"a","0","-","-",12251,"L2","Ambiguous",12251
"7772","L2 4","gap",24,"a","0","-","-",4664,"L2","Ambiguous",4664
"7781","L2 4","gap",14,"a","0","-","-",6748,"L2","Ambiguous",6748
"7792","L2 4","gap",19,"b","0","-","-",9516,"L2","Unambiguous",9516
"7807","L2 4","gap",22,"a","0","-","-",6543,"L2","Ambiguous",6543
"7818","L2 4","gap",13,"b","0","-","-",4852,"L2","Unambiguous",4852
"7832","L2 4","gap",15,"b","0","-","-",13170,"L2","Unambiguous",13170
"7847","L2 4","gap",16,"a","0","-","-",4342,"L2","Ambiguous",4342
"7867","L2 4","gap",20,"a","0","-","-",8163,"L2","Ambiguous",8163
"7900","L2 4","gap",17,"b","0","-","-",8918,"L2","Unambiguous",8918
"7918","L2 4","gap",21,"b","0","-","-",6919,"L2","Unambiguous",6919
"7934","L2 5","gap",24,"b","0","-","-",7293,"L2","Unambiguous",7293
"7944","L2 5","gap",23,"a","0","-","-",12383,"L2","Ambiguous",12383
"7969","L2 5","gap",21,"a","0","-","-",3665,"L2","Ambiguous",3665
"7981","L2 5","gap",13,"a","0","-","-",4194,"L2","Ambiguous",4194
"8004","L2 5","gap",16,"b","0","-","-",15111,"L2","Unambiguous",15111
"8019","L2 5","gap",20,"b","0","-","-",8684,"L2","Unambiguous",8684
"8022","L2 5","gap",15,"a","0","-","-",4672,"L2","Ambiguous",4672
"8029","L2 5","gap",17,"a","0","-","-",18429,"L2","Ambiguous",18429
"8046","L2 5","gap",19,"a","0","-","-",11498,"L2","Ambiguous",11498
"8057","L2 5","gap",22,"b","0","-","-",8600,"L2","Unambiguous",8600
"8069","L2 5","gap",14,"b","0","-","-",8675,"L2","Unambiguous",8675
"8098","L2 5","gap",18,"b","0","-","-",10339,"L2","Unambiguous",10339
"8114","L2 6","gap",16,"a","0","-","-",7004,"L2","Ambiguous",7004
"8122","L2 6","gap",14,"a","0","-","-",15244,"L2","Ambiguous",15244
"8126","L2 6","gap",21,"b","0","-","-",11963,"L2","Unambiguous",11963
"8137","L2 6","gap",23,"b","0","-","-",8962,"L2","Unambiguous",8962
"8155","L2 6","gap",18,"a","0","-","-",15143,"L2","Ambiguous",15143
"8167","L2 6","gap",22,"a","0","-","-",6575,"L2","Ambiguous",6575
"8171","L2 6","gap",15,"b","0","-","-",9823,"L2","Unambiguous",9823
"8181","L2 6","gap",24,"a","0","-","-",5869,"L2","Ambiguous",5869
"8188","L2 6","gap",19,"b","0","-","-",11130,"L2","Unambiguous",11130
"8195","L2 6","gap",20,"a","0","-","-",9556,"L2","Ambiguous",9556
"8202","L2 6","gap",17,"b","0","-","-",8209,"L2","Unambiguous",8209
"8237","L2 6","gap",13,"b","0","-","-",15344,"L2","Unambiguous",15344
"8294","L2 7","gap",20,"b","0","-","-",11293,"L2","Unambiguous",11293
"8302","L2 7","gap",17,"a","0","-","-",11815,"L2","Ambiguous",11815
"8330","L2 7","gap",24,"b","0","-","-",18786,"L2","Unambiguous",18786
"8351","L2 7","gap",22,"b","0","-","-",6018,"L2","Unambiguous",6018
"8355","L2 7","gap",16,"b","0","-","-",5899,"L2","Unambiguous",5899
"8380","L2 7","gap",21,"a","0","-","-",6277,"L2","Ambiguous",6277
"8387","L2 7","gap",18,"b","0","-","-",6337,"L2","Unambiguous",6337
"8391","L2 7","gap",15,"a","0","-","-",11334,"L2","Ambiguous",11334
"8399","L2 7","gap",19,"a","0","-","-",10987,"L2","Ambiguous",10987
"8409","L2 7","gap",23,"a","0","-","-",13282,"L2","Ambiguous",13282
"8417","L2 7","gap",14,"b","0","-","-",8826,"L2","Unambiguous",8826
"8427","L2 7","gap",13,"a","0","-","-",8055,"L2","Ambiguous",8055
"8475","L2 8","gap",14,"a","0","-","-",7902,"L2","Ambiguous",7902
"8487","L2 8","gap",21,"b","0","-","-",6909,"L2","Unambiguous",6909
"8490","L2 8","gap",13,"b","0","-","-",5596,"L2","Unambiguous",5596
"8510","L2 8","gap",18,"a","0","-","-",8568,"L2","Ambiguous",8568
"8520","L2 8","gap",19,"b","0","-","-",7275,"L2","Unambiguous",7275
"8543","L2 8","gap",17,"b","0","-","-",7374,"L2","Unambiguous",7374
"8550","L2 8","gap",23,"b","0","-","-",7920,"L2","Unambiguous",7920
"8556","L2 8","gap",24,"a","0","-","-",3560,"L2","Ambiguous",3560
"8581","L2 8","gap",20,"a","0","-","-",3150,"L2","Ambiguous",3150
"8594","L2 8","gap",16,"a","0","-","-",2397,"L2","Ambiguous",2397
"8601","L2 8","gap",15,"b","0","-","-",4673,"L2","Unambiguous",4673
"8605","L2 8","gap",22,"a","0","-","-",4713,"L2","Ambiguous",4713
"8658","L2 9","gap",15,"a","0","-","-",13177,"L2","Ambiguous",13177
"8662","L2 9","gap",20,"b","0","-","-",8398,"L2","Unambiguous",8398
"8665","L2 9","gap",18,"b","0","-","-",11382,"L2","Unambiguous",11382
"8671","L2 9","gap",14,"b","0","-","-",5840,"L2","Unambiguous",5840
"8684","L2 9","gap",13,"a","0","-","-",6751,"L2","Ambiguous",6751
"8687","L2 9","gap",17,"a","0","-","-",22957,"L2","Ambiguous",22957
"8720","L2 9","gap",19,"a","0","-","-",10426,"L2","Ambiguous",10426
"8732","L2 9","gap",24,"b","0","-","-",4541,"L2","Unambiguous",4541
"8741","L2 9","gap",22,"b","0","-","-",7471,"L2","Unambiguous",7471
"8786","L2 9","gap",16,"b","0","-","-",7405,"L2","Unambiguous",7405
"8793","L2 9","gap",21,"a","0","-","-",14625,"L2","Ambiguous",14625
"8796","L2 9","gap",23,"a","0","-","-",3352,"L2","Ambiguous",3352
"8854","L2 10","gap",18,"a","0","-","-",13054,"L2","Ambiguous",13054
"8861","L2 10","gap",15,"b","0","-","-",13635,"L2","Unambiguous",13635
"8865","L2 10","gap",19,"b","0","-","-",16164,"L2","Unambiguous",16164
"8887","L2 10","gap",16,"a","0","-","-",20443,"L2","Ambiguous",20443
"8898","L2 10","gap",13,"b","0","-","-",11707,"L2","Unambiguous",11707
"8906","L2 10","gap",21,"b","0","-","-",14731,"L2","Unambiguous",14731
"8913","L2 10","gap",22,"a","0","-","-",16647,"L2","Ambiguous",16647
"8934","L2 10","gap",17,"b","0","-","-",22383,"L2","Unambiguous",22383
"8945","L2 10","gap",20,"a","0","-","-",15723,"L2","Ambiguous",15723
"8957","L2 10","gap",24,"a","0","-","-",19317,"L2","Ambiguous",19317
"8991","L2 10","gap",23,"b","0","-","-",7571,"L2","Unambiguous",7571
"8997","L2 10","gap",14,"a","0","-","-",8881,"L2","Ambiguous",8881
"9023","L2 11","gap",17,"a","0","-","-",6593,"L2","Ambiguous",6593
"9039","L2 11","gap",23,"a","0","-","-",5333,"L2","Ambiguous",5333
"9050","L2 11","gap",13,"a","0","-","-",4088,"L2","Ambiguous",4088
"9058","L2 11","gap",16,"b","0","-","-",3519,"L2","Unambiguous",3519
"9065","L2 11","gap",24,"b","0","-","-",3664,"L2","Unambiguous",3664
"9105","L2 11","gap",15,"a","0","-","-",11858,"L2","Ambiguous",11858
"9126","L2 11","gap",19,"a","0","-","-",2867,"L2","Ambiguous",2867
"9136","L2 11","gap",18,"b","0","-","-",8229,"L2","Unambiguous",8229
"9139","L2 11","gap",22,"b","0","-","-",2685,"L2","Unambiguous",2685
"9155","L2 11","gap",21,"a","0","-","-",2669,"L2","Ambiguous",2669
"9165","L2 11","gap",14,"b","0","-","-",3394,"L2","Unambiguous",3394
"9168","L2 11","gap",20,"b","0","-","-",2379,"L2","Unambiguous",2379
"9198","L2 12","gap",17,"b","0","-","-",23022,"L2","Unambiguous",23022
"9224","L2 12","gap",16,"a","0","-","-",11006,"L2","Ambiguous",11006
"9230","L2 12","gap",20,"a","0","-","-",12428,"L2","Ambiguous",12428
"9236","L2 12","gap",15,"b","0","-","-",11917,"L2","Unambiguous",11917
"9244","L2 12","gap",13,"b","0","-","-",11586,"L2","Unambiguous",11586
"9258","L2 12","gap",22,"a","0","-","-",28787,"L2","Ambiguous",28787
"9269","L2 12","gap",14,"a","0","-","-",7934,"L2","Ambiguous",7934
"9296","L2 12","gap",18,"a","0","-","-",8411,"L2","Ambiguous",8411
"9300","L2 12","gap",19,"b","0","-","-",15292,"L2","Unambiguous",15292
"9310","L2 12","gap",24,"a","0","-","-",14483,"L2","Ambiguous",14483
"9318","L2 12","gap",21,"b","0","-","-",17882,"L2","Unambiguous",17882
"9325","L2 12","gap",23,"b","0","-","-",17427,"L2","Unambiguous",17427
"9375","L2 13","gap",18,"b","0","-","-",10775,"L2","Unambiguous",10775
"9382","L2 13","gap",22,"b","0","-","-",10884,"L2","Unambiguous",10884
"9414","L2 13","gap",16,"b","0","-","-",14221,"L2","Unambiguous",14221
"9422","L2 13","gap",14,"b","0","-","-",11955,"L2","Unambiguous",11955
"9439","L2 13","gap",15,"a","0","-","-",6814,"L2","Ambiguous",6814
"9472","L2 13","gap",19,"a","0","-","-",8167,"L2","Ambiguous",8167
"9486","L2 13","gap",24,"b","0","-","-",9825,"L2","Unambiguous",9825
"9492","L2 13","gap",21,"a","0","-","-",5797,"L2","Ambiguous",5797
"9500","L2 13","gap",13,"a","0","-","-",5369,"L2","Ambiguous",5369
"9503","L2 13","gap",17,"a","0","-","-",12522,"L2","Ambiguous",12522
"9526","L2 13","gap",20,"b","0","-","-",3569,"L2","Unambiguous",3569
"9538","L2 13","gap",23,"a","0","-","-",9555,"L2","Ambiguous",9555
"9587","L2 14","gap",20,"a","0","-","-",7047,"L2","Ambiguous",7047
"9598","L2 14","gap",21,"b","0","-","-",2664,"L2","Unambiguous",2664
"9605","L2 14","gap",15,"b","0","-","-",8238,"L2","Unambiguous",8238
"9608","L2 14","gap",19,"b","0","-","-",13242,"L2","Unambiguous",13242
"9618","L2 14","gap",23,"b","0","-","-",5090,"L2","Unambiguous",5090
"9640","L2 14","gap",22,"a","0","-","-",7269,"L2","Ambiguous",7269
"9658","L2 14","gap",24,"a","0","-","-",9177,"L2","Ambiguous",9177
"9661","L2 14","gap",17,"b","0","-","-",6193,"L2","Unambiguous",6193
"9671","L2 14","gap",16,"a","0","-","-",12168,"L2","Ambiguous",12168
"9696","L2 14","gap",13,"b","0","-","-",4783,"L2","Unambiguous",4783
"9713","L2 14","gap",14,"a","0","-","-",5771,"L2","Ambiguous",5771
"9717","L2 14","gap",18,"a","0","-","-",6161,"L2","Ambiguous",6161
"9740","L2 15","gap",22,"b","0","-","-",14926,"L2","Unambiguous",14926
"9758","L2 15","gap",16,"b","0","-","-",5989,"L2","Unambiguous",5989
"9775","L2 15","gap",23,"a","0","-","-",17436,"L2","Ambiguous",17436
"9800","L2 15","gap",13,"a","0","-","-",20737,"L2","Ambiguous",20737
"9804","L2 15","gap",14,"b","0","-","-",13663,"L2","Unambiguous",13663
"9815","L2 15","gap",21,"a","0","-","-",4142,"L2","Ambiguous",4142
"9822","L2 15","gap",18,"b","0","-","-",14768,"L2","Unambiguous",14768
"9826","L2 15","gap",15,"a","0","-","-",13258,"L2","Ambiguous",13258
"9835","L2 15","gap",19,"a","0","-","-",12474,"L2","Ambiguous",12474
"9842","L2 15","gap",20,"b","0","-","-",4195,"L2","Unambiguous",4195
"9852","L2 15","gap",24,"b","0","-","-",9129,"L2","Unambiguous",9129
"9866","L2 15","gap",17,"a","0","-","-",12714,"L2","Ambiguous",12714
"9914","L2 16","gap",22,"a","0","-","-",6163,"L2","Ambiguous",6163
"9938","L2 16","gap",23,"b","0","-","-",5821,"L2","Unambiguous",5821
"9967","L2 16","gap",14,"a","0","-","-",9812,"L2","Ambiguous",9812
"9974","L2 16","gap",16,"a","0","-","-",14603,"L2","Ambiguous",14603
"9985","L2 16","gap",19,"b","0","-","-",9449,"L2","Unambiguous",9449
"10010","L2 16","gap",15,"b","0","-","-",10134,"L2","Unambiguous",10134
"10017","L2 16","gap",21,"b","0","-","-",5936,"L2","Unambiguous",5936
"10031","L2 16","gap",13,"b","0","-","-",7958,"L2","Unambiguous",7958
"10038","L2 16","gap",24,"a","0","-","-",24544,"L2","Ambiguous",24544
"10045","L2 16","gap",17,"b","0","-","-",13536,"L2","Unambiguous",13536
"10052","L2 16","gap",18,"a","0","-","-",6675,"L2","Ambiguous",6675
"10055","L2 16","gap",20,"a","0","-","-",4020,"L2","Ambiguous",4020
"10101","L2 17","gap",22,"b","0","-","-",6056,"L2","Unambiguous",6056
"10132","L2 17","gap",16,"b","0","-","-",9563,"L2","Unambiguous",9563
"10152","L2 17","gap",14,"b","0","-","-",8581,"L2","Unambiguous",8581
"10156","L2 17","gap",15,"a","0","-","-",29355,"L2","Ambiguous",29355
"10184","L2 17","gap",13,"a","0","-","-",12486,"L2","Ambiguous",12486
"10191","L2 17","gap",19,"a","0","-","-",16107,"L2","Ambiguous",16107
"10197","L2 17","gap",17,"a","0","-","-",14033,"L2","Ambiguous",14033
"10212","L2 17","gap",23,"a","0","-","-",9096,"L2","Ambiguous",9096
"10234","L2 17","gap",20,"b","0","-","-",14143,"L2","Unambiguous",14143
"10237","L2 17","gap",21,"a","0","-","-",21254,"L2","Ambiguous",21254
"10241","L2 17","gap",24,"b","0","-","-",19293,"L2","Unambiguous",19293
"10258","L2 17","gap",18,"b","0","-","-",14574,"L2","Unambiguous",14574
"10286","L2 18","gap",15,"b","0","-","-",10251,"L2","Unambiguous",10251
"10294","L2 18","gap",13,"b","0","-","-",7037,"L2","Unambiguous",7037
"10324","L2 18","gap",14,"a","0","-","-",7308,"L2","Ambiguous",7308
"10331","L2 18","gap",23,"b","0","-","-",6511,"L2","Unambiguous",6511
"10337","L2 18","gap",22,"a","0","-","-",6125,"L2","Ambiguous",6125
"10351","L2 18","gap",17,"b","0","-","-",4935,"L2","Unambiguous",4935
"10365","L2 18","gap",18,"a","0","-","-",4247,"L2","Ambiguous",4247
"10410","L2 18","gap",24,"a","0","-","-",5916,"L2","Ambiguous",5916
"10420","L2 18","gap",20,"a","0","-","-",6609,"L2","Ambiguous",6609
"10427","L2 18","gap",19,"b","0","-","-",4045,"L2","Unambiguous",4045
"10431","L2 18","gap",21,"b","0","-","-",3137,"L2","Unambiguous",3137
"10434","L2 18","gap",16,"a","0","-","-",4757,"L2","Ambiguous",4757
"10477","L2 19","gap",23,"a","0","-","-",17373,"L2","Ambiguous",17373
"10506","L2 19","gap",18,"b","0","-","-",9409,"L2","Unambiguous",9409
"10509","L2 19","gap",24,"b","0","-","-",16957,"L2","Unambiguous",16957
"10522","L2 19","gap",22,"b","0","-","-",9467,"L2","Unambiguous",9467
"10525","L2 19","gap",16,"b","0","-","-",9243,"L2","Unambiguous",9243
"10545","L2 19","gap",13,"a","0","-","-",9091,"L2","Ambiguous",9091
"10561","L2 19","gap",19,"a","0","-","-",8211,"L2","Ambiguous",8211
"10583","L2 19","gap",14,"b","0","-","-",7423,"L2","Unambiguous",7423
"10591","L2 19","gap",15,"a","0","-","-",12472,"L2","Ambiguous",12472
"10594","L2 19","gap",17,"a","0","-","-",6559,"L2","Ambiguous",6559
"10607","L2 19","gap",21,"a","0","-","-",13767,"L2","Ambiguous",13767
"10618","L2 19","gap",20,"b","0","-","-",10372,"L2","Unambiguous",10372
"10637","L2 20","gap",15,"b","0","-","-",12790,"L2","Unambiguous",12790
"10651","L2 20","gap",17,"b","0","-","-",11584,"L2","Unambiguous",11584
"10668","L2 20","gap",21,"b","0","-","-",7535,"L2","Unambiguous",7535
"10675","L2 20","gap",23,"b","0","-","-",14203,"L2","Unambiguous",14203
"10692","L2 20","gap",22,"a","0","-","-",12407,"L2","Ambiguous",12407
"10712","L2 20","gap",18,"a","0","-","-",8916,"L2","Ambiguous",8916
"10724","L2 20","gap",19,"b","0","-","-",10706,"L2","Unambiguous",10706
"10731","L2 20","gap",16,"a","0","-","-",16437,"L2","Ambiguous",16437
"10734","L2 20","gap",24,"a","0","-","-",6744,"L2","Ambiguous",6744
"10743","L2 20","gap",14,"a","0","-","-",9924,"L2","Ambiguous",9924
"10786","L2 20","gap",13,"b","0","-","-",12807,"L2","Unambiguous",12807
"10789","L2 20","gap",20,"a","0","-","-",8565,"L2","Ambiguous",8565
"10818","L2 21","gap",24,"b","0","-","-",6513,"L2","Unambiguous",6513
"10827","L2 21","gap",17,"a","0","-","-",5676,"L2","Ambiguous",5676
"10839","L2 21","gap",23,"a","0","-","-",5436,"L2","Ambiguous",5436
"10850","L2 21","gap",13,"a","0","-","-",6248,"L2","Ambiguous",6248
"10874","L2 21","gap",18,"b","0","-","-",7757,"L2","Unambiguous",7757
"10889","L2 21","gap",20,"b","0","-","-",5297,"L2","Unambiguous",5297
"10893","L2 21","gap",21,"a","0","-","-",5368,"L2","Ambiguous",5368
"10904","L2 21","gap",19,"a","0","-","-",8982,"L2","Ambiguous",8982
"10908","L2 21","gap",14,"b","0","-","-",12042,"L2","Unambiguous",12042
"10916","L2 21","gap",16,"b","0","-","-",5046,"L2","Unambiguous",5046
"10942","L2 21","gap",15,"a","0","-","-",7885,"L2","Ambiguous",7885
"10971","L2 21","gap",22,"b","0","-","-",5492,"L2","Unambiguous",5492
"11004","L2 22","gap",19,"b","0","-","-",6301,"L2","Unambiguous",6301
"11010","L2 22","gap",24,"a","0","-","-",7531,"L2","Ambiguous",7531
"11017","L2 22","gap",13,"b","0","-","-",8557,"L2","Unambiguous",8557
"11064","L2 22","gap",15,"b","0","-","-",4590,"L2","Unambiguous",4590
"11067","L2 22","gap",22,"a","0","-","-",3339,"L2","Ambiguous",3339
"11084","L2 22","gap",14,"a","0","-","-",3142,"L2","Ambiguous",3142
"11095","L2 22","gap",17,"b","0","-","-",3279,"L2","Unambiguous",3279
"11112","L2 22","gap",23,"b","0","-","-",2954,"L2","Unambiguous",2954
"11119","L2 22","gap",16,"a","0","-","-",4139,"L2","Ambiguous",4139
"11123","L2 22","gap",20,"a","0","-","-",3444,"L2","Ambiguous",3444
"11129","L2 22","gap",21,"b","0","-","-",7775,"L2","Unambiguous",7775
"11154","L2 22","gap",18,"a","0","-","-",3417,"L2","Ambiguous",3417
"11186","L2 23","gap",13,"a","0","-","-",3484,"L2","Ambiguous",3484
"11194","L2 23","gap",17,"a","0","-","-",6017,"L2","Ambiguous",6017
"11205","L2 23","gap",18,"b","0","-","-",3045,"L2","Unambiguous",3045
"11208","L2 23","gap",23,"a","0","-","-",2638,"L2","Ambiguous",2638
"11216","L2 23","gap",22,"b","0","-","-",3022,"L2","Unambiguous",3022
"11256","L2 23","gap",15,"a","0","-","-",3669,"L2","Ambiguous",3669
"11272","L2 23","gap",20,"b","0","-","-",2510,"L2","Unambiguous",2510
"11278","L2 23","gap",14,"b","0","-","-",3979,"L2","Unambiguous",3979
"11282","L2 23","gap",16,"b","0","-","-",4256,"L2","Unambiguous",4256
"11313","L2 23","gap",24,"b","0","-","-",5309,"L2","Unambiguous",5309
"11320","L2 23","gap",19,"a","0","-","-",3244,"L2","Ambiguous",3244
"11324","L2 23","gap",21,"a","0","-","-",4499,"L2","Ambiguous",4499
"11362","L2 24","gap",20,"a","0","-","-",8149,"L2","Ambiguous",8149
"11372","L2 24","gap",18,"a","0","-","-",7206,"L2","Ambiguous",7206
"11390","L2 24","gap",15,"b","0","-","-",6365,"L2","Unambiguous",6365
"11395","L2 24","gap",23,"b","0","-","-",9042,"L2","Unambiguous",9042
"11402","L2 24","gap",19,"b","0","-","-",10908,"L2","Unambiguous",10908
"11410","L2 24","gap",14,"a","0","-","-",9032,"L2","Ambiguous",9032
"11421","L2 24","gap",17,"b","0","-","-",6124,"L2","Unambiguous",6124
"11438","L2 24","gap",16,"a","0","-","-",13683,"L2","Ambiguous",13683
"11442","L2 24","gap",22,"a","0","-","-",11425,"L2","Ambiguous",11425
"11479","L2 24","gap",24,"a","0","-","-",10410,"L2","Ambiguous",10410
"11492","L2 24","gap",21,"b","0","-","-",8013,"L2","Unambiguous",8013
"11517","L2 24","gap",13,"b","0","-","-",6376,"L2","Unambiguous",6376
"11544","L2 25","gap",13,"a","0","-","-",4545,"L2","Ambiguous",4545
"11557","L2 25","gap",18,"b","0","-","-",5615,"L2","Unambiguous",5615
"11579","L2 25","gap",17,"a","0","-","-",4588,"L2","Ambiguous",4588
"11587","L2 25","gap",20,"b","0","-","-",3514,"L2","Unambiguous",3514
"11606","L2 25","gap",22,"b","0","-","-",2980,"L2","Unambiguous",2980
"11617","L2 25","gap",16,"b","0","-","-",6392,"L2","Unambiguous",6392
"11632","L2 25","gap",21,"a","0","-","-",3608,"L2","Ambiguous",3608
"11650","L2 25","gap",24,"b","0","-","-",6756,"L2","Unambiguous",6756
"11653","L2 25","gap",23,"a","0","-","-",6656,"L2","Ambiguous",6656
"11687","L2 25","gap",19,"a","0","-","-",5691,"L2","Ambiguous",5691
"11691","L2 25","gap",15,"a","0","-","-",9663,"L2","Ambiguous",9663
"11694","L2 25","gap",14,"b","0","-","-",4366,"L2","Unambiguous",4366
"11718","L2 26","gap",22,"a","0","-","-",6871,"L2","Ambiguous",6871
"11731","L2 26","gap",16,"a","0","-","-",3370,"L2","Ambiguous",3370
"11738","L2 26","gap",23,"b","0","-","-",4568,"L2","Unambiguous",4568
"11751","L2 26","gap",21,"b","0","-","-",3995,"L2","Unambiguous",3995
"11770","L2 26","gap",17,"b","0","-","-",4146,"L2","Unambiguous",4146
"11795","L2 26","gap",20,"a","0","-","-",3107,"L2","Ambiguous",3107
"11798","L2 26","gap",18,"a","0","-","-",4054,"L2","Ambiguous",4054
"11807","L2 26","gap",19,"b","0","-","-",2851,"L2","Unambiguous",2851
"11811","L2 26","gap",24,"a","0","-","-",4144,"L2","Ambiguous",4144
"11824","L2 26","gap",15,"b","0","-","-",4317,"L2","Unambiguous",4317
"11835","L2 26","gap",14,"a","0","-","-",2852,"L2","Ambiguous",2852
"11846","L2 26","gap",13,"b","0","-","-",3384,"L2","Unambiguous",3384
"11898","L2 27","gap",13,"a","0","-","-",9201,"L2","Ambiguous",9201
"11901","L2 27","gap",18,"b","0","-","-",12939,"L2","Unambiguous",12939
"11916","L2 27","gap",14,"b","0","-","-",14117,"L2","Unambiguous",14117
"11922","L2 27","gap",17,"a","0","-","-",11171,"L2","Ambiguous",11171
"11938","L2 27","gap",23,"a","0","-","-",10113,"L2","Ambiguous",10113
"11952","L2 27","gap",22,"b","0","-","-",9006,"L2","Unambiguous",9006
"11959","L2 27","gap",19,"a","0","-","-",9137,"L2","Ambiguous",9137
"11974","L2 27","gap",20,"b","0","-","-",6901,"L2","Unambiguous",6901
"11991","L2 27","gap",16,"b","0","-","-",11699,"L2","Unambiguous",11699
"12005","L2 27","gap",24,"b","0","-","-",14871,"L2","Unambiguous",14871
"12042","L2 27","gap",21,"a","0","-","-",8669,"L2","Ambiguous",8669
"12046","L2 27","gap",15,"a","0","-","-",14170,"L2","Ambiguous",14170
"12078","L2 28","gap",13,"b","0","-","-",15013,"L2","Unambiguous",15013
"12089","L2 28","gap",21,"b","0","-","-",11565,"L2","Unambiguous",11565
"12113","L2 28","gap",22,"a","0","-","-",10846,"L2","Ambiguous",10846
"12123","L2 28","gap",23,"b","0","-","-",8666,"L2","Unambiguous",8666
"12130","L2 28","gap",16,"a","0","-","-",21597,"L2","Ambiguous",21597
"12136","L2 28","gap",15,"b","0","-","-",9834,"L2","Unambiguous",9834
"12149","L2 28","gap",18,"a","0","-","-",11152,"L2","Ambiguous",11152
"12156","L2 28","gap",19,"b","0","-","-",11744,"L2","Unambiguous",11744
"12195","L2 28","gap",20,"a","0","-","-",26908,"L2","Ambiguous",26908
"12219","L2 28","gap",17,"b","0","-","-",13831,"L2","Unambiguous",13831
"12222","L2 28","gap",24,"a","0","-","-",12867,"L2","Ambiguous",12867
"12234","L2 28","gap",14,"a","0","-","-",9468,"L2","Ambiguous",9468
"12275","L2 29","gap",24,"b","0","-","-",2644,"L2","Unambiguous",2644
"12297","L2 29","gap",22,"b","0","-","-",4582,"L2","Unambiguous",4582
"12300","L2 29","gap",19,"a","0","-","-",2380,"L2","Ambiguous",2380
"12308","L2 29","gap",21,"a","0","-","-",4323,"L2","Ambiguous",4323
"12316","L2 29","gap",15,"a","0","-","-",3955,"L2","Ambiguous",3955
"12336","L2 29","gap",18,"b","0","-","-",3127,"L2","Unambiguous",3127
"12351","L2 29","gap",14,"b","0","-","-",4160,"L2","Unambiguous",4160
"12380","L2 29","gap",13,"a","0","-","-",2552,"L2","Ambiguous",2552
"12395","L2 29","gap",23,"a","0","-","-",3488,"L2","Ambiguous",3488
"12401","L2 29","gap",20,"b","0","-","-",2757,"L2","Unambiguous",2757
"12415","L2 29","gap",16,"b","0","-","-",4319,"L2","Unambiguous",4319
"12418","L2 29","gap",17,"a","0","-","-",2941,"L2","Ambiguous",2941
"12435","L2 30","gap",13,"b","0","-","-",7198,"L2","Unambiguous",7198
"12445","L2 30","gap",23,"b","0","-","-",6130,"L2","Unambiguous",6130
"12453","L2 30","gap",21,"b","0","-","-",4705,"L2","Unambiguous",4705
"12465","L2 30","gap",18,"a","0","-","-",5070,"L2","Ambiguous",5070
"12483","L2 30","gap",14,"a","0","-","-",4532,"L2","Ambiguous",4532
"12496","L2 30","gap",15,"b","0","-","-",10013,"L2","Unambiguous",10013
"12511","L2 30","gap",19,"b","0","-","-",4886,"L2","Unambiguous",4886
"12526","L2 30","gap",16,"a","0","-","-",6233,"L2","Ambiguous",6233
"12543","L2 30","gap",22,"a","0","-","-",9552,"L2","Ambiguous",9552
"12561","L2 30","gap",17,"b","0","-","-",7930,"L2","Unambiguous",7930
"12584","L2 30","gap",20,"a","0","-","-",3579,"L2","Ambiguous",3579
"12597","L2 30","gap",24,"a","0","-","-",4765,"L2","Ambiguous",4765
"12628","L2 31","gap",23,"a","0","-","-",5195,"L2","Ambiguous",5195
"12651","L2 31","gap",24,"b","0","-","-",6154,"L2","Unambiguous",6154
"12664","L2 31","gap",21,"a","0","-","-",7147,"L2","Ambiguous",7147
"12676","L2 31","gap",20,"b","0","-","-",5295,"L2","Unambiguous",5295
"12684","L2 31","gap",22,"b","0","-","-",4978,"L2","Unambiguous",4978
"12687","L2 31","gap",18,"b","0","-","-",4945,"L2","Unambiguous",4945
"12696","L2 31","gap",15,"a","0","-","-",4796,"L2","Ambiguous",4796
"12699","L2 31","gap",14,"b","0","-","-",6752,"L2","Unambiguous",6752
"12724","L2 31","gap",17,"a","0","-","-",3938,"L2","Ambiguous",3938
"12740","L2 31","gap",19,"a","0","-","-",3941,"L2","Ambiguous",3941
"12744","L2 31","gap",16,"b","0","-","-",6944,"L2","Unambiguous",6944
"12753","L2 31","gap",13,"a","0","-","-",4612,"L2","Ambiguous",4612
"12794","L2 32","gap",23,"b","0","-","-",4814,"L2","Unambiguous",4814
"12817","L2 32","gap",15,"b","0","-","-",7280,"L2","Unambiguous",7280
"12827","L2 32","gap",20,"a","0","-","-",4568,"L2","Ambiguous",4568
"12852","L2 32","gap",21,"b","0","-","-",5521,"L2","Unambiguous",5521
"12859","L2 32","gap",14,"a","0","-","-",4276,"L2","Ambiguous",4276
"12867","L2 32","gap",19,"b","0","-","-",4950,"L2","Unambiguous",4950
"12875","L2 32","gap",16,"a","0","-","-",9792,"L2","Ambiguous",9792
"12878","L2 32","gap",22,"a","0","-","-",6361,"L2","Ambiguous",6361
"12921","L2 32","gap",18,"a","0","-","-",8201,"L2","Ambiguous",8201
"12932","L2 32","gap",24,"a","0","-","-",5940,"L2","Ambiguous",5940
"12946","L2 32","gap",13,"b","0","-","-",4653,"L2","Unambiguous",4653
"12954","L2 32","gap",17,"b","0","-","-",5591,"L2","Unambiguous",5591
"12974","L2 33","gap",17,"a","0","-","-",7755,"L2","Ambiguous",7755
"12981","L2 33","gap",15,"a","0","-","-",6443,"L2","Ambiguous",6443
"13023","L2 33","gap",21,"a","0","-","-",5492,"L2","Ambiguous",5492
"13030","L2 33","gap",16,"b","0","-","-",5463,"L2","Unambiguous",5463
"13047","L2 33","gap",19,"a","0","-","-",6523,"L2","Ambiguous",6523
"13057","L2 33","gap",22,"b","0","-","-",5501,"L2","Unambiguous",5501
"13061","L2 33","gap",23,"a","0","-","-",3416,"L2","Ambiguous",3416
"13071","L2 33","gap",24,"b","0","-","-",11119,"L2","Unambiguous",11119
"13077","L2 33","gap",14,"b","0","-","-",3395,"L2","Unambiguous",3395
"13093","L2 33","gap",18,"b","0","-","-",4846,"L2","Unambiguous",4846
"13101","L2 33","gap",20,"b","0","-","-",8188,"L2","Unambiguous",8188
"13137","L2 33","gap",13,"a","0","-","-",4548,"L2","Ambiguous",4548
"13159","L2 34","gap",16,"a","0","-","-",8000,"L2","Ambiguous",8000
"13185","L2 34","gap",21,"b","0","-","-",9917,"L2","Unambiguous",9917
"13208","L2 34","gap",22,"a","0","-","-",7144,"L2","Ambiguous",7144
"13216","L2 34","gap",15,"b","0","-","-",6247,"L2","Unambiguous",6247
"13226","L2 34","gap",19,"b","0","-","-",6489,"L2","Unambiguous",6489
"13232","L2 34","gap",23,"b","0","-","-",14183,"L2","Unambiguous",14183
"13242","L2 34","gap",14,"a","0","-","-",3582,"L2","Ambiguous",3582
"13246","L2 34","gap",24,"a","0","-","-",17159,"L2","Ambiguous",17159
"13260","L2 34","gap",13,"b","0","-","-",6583,"L2","Unambiguous",6583
"13296","L2 34","gap",20,"a","0","-","-",6033,"L2","Ambiguous",6033
"13299","L2 34","gap",17,"b","0","-","-",7691,"L2","Unambiguous",7691
"13318","L2 34","gap",18,"a","0","-","-",7527,"L2","Ambiguous",7527
"13357","L2 35","gap",20,"b","0","-","-",4711,"L2","Unambiguous",4711
"13364","L2 35","gap",14,"b","0","-","-",5869,"L2","Unambiguous",5869
"13371","L2 35","gap",19,"a","0","-","-",10232,"L2","Ambiguous",10232
"13378","L2 35","gap",18,"b","0","-","-",19438,"L2","Unambiguous",19438
"13391","L2 35","gap",17,"a","0","-","-",10424,"L2","Ambiguous",10424
"13432","L2 35","gap",22,"b","0","-","-",9502,"L2","Unambiguous",9502
"13439","L2 35","gap",24,"b","0","-","-",6211,"L2","Unambiguous",6211
"13442","L2 35","gap",13,"a","0","-","-",4950,"L2","Ambiguous",4950
"13452","L2 35","gap",15,"a","0","-","-",8986,"L2","Ambiguous",8986
"13460","L2 35","gap",16,"b","0","-","-",16098,"L2","Unambiguous",16098
"13466","L2 35","gap",23,"a","0","-","-",4878,"L2","Ambiguous",4878
"13476","L2 35","gap",21,"a","0","-","-",7287,"L2","Ambiguous",7287
"13522","L2 36","gap",15,"b","0","-","-",31597,"L2","Unambiguous",31597
"13528","L2 36","gap",18,"a","0","-","-",23695,"L2","Ambiguous",23695
"13531","L2 36","gap",16,"a","0","-","-",39706,"L2","Ambiguous",39706
"13542","L2 36","gap",14,"a","0","-","-",21242,"L2","Ambiguous",21242
"13566","L2 36","gap",24,"a","0","-","-",21392,"L2","Ambiguous",21392
"13573","L2 36","gap",22,"a","0","-","-",24167,"L2","Ambiguous",24167
"13577","L2 36","gap",23,"b","0","-","-",28891,"L2","Unambiguous",28891
"13598","L2 36","gap",13,"b","0","-","-",8712,"L2","Unambiguous",8712
"13601","L2 36","gap",19,"b","0","-","-",14249,"L2","Unambiguous",14249
"13612","L2 36","gap",17,"b","0","-","-",30038,"L2","Unambiguous",30038
"13618","L2 36","gap",20,"a","0","-","-",12697,"L2","Ambiguous",12697
"13667","L2 36","gap",21,"b","0","-","-",21145,"L2","Unambiguous",21145
"13697","L2 37","gap",19,"a","0","-","-",6381,"L2","Ambiguous",6381
"13707","L2 37","gap",15,"a","0","-","-",9584,"L2","Ambiguous",9584
"13714","L2 37","gap",23,"a","0","-","-",7226,"L2","Ambiguous",7226
"13721","L2 37","gap",24,"b","0","-","-",11665,"L2","Unambiguous",11665
"13761","L2 37","gap",14,"b","0","-","-",6026,"L2","Unambiguous",6026
"13786","L2 37","gap",22,"b","0","-","-",14214,"L2","Unambiguous",14214
"13803","L2 37","gap",18,"b","0","-","-",8060,"L2","Unambiguous",8060
"13814","L2 37","gap",21,"a","0","-","-",8158,"L2","Ambiguous",8158
"13818","L2 37","gap",20,"b","0","-","-",4961,"L2","Unambiguous",4961
"13848","L2 37","gap",13,"a","0","-","-",5183,"L2","Ambiguous",5183
"13854","L2 37","gap",17,"a","0","-","-",6688,"L2","Ambiguous",6688
"13857","L2 37","gap",16,"b","0","-","-",5041,"L2","Unambiguous",5041
"13874","L2 38","gap",23,"b","0","-","-",14686,"L2","Unambiguous",14686
"13881","L2 38","gap",20,"a","0","-","-",9041,"L2","Ambiguous",9041
"13893","L2 38","gap",16,"a","0","-","-",12326,"L2","Ambiguous",12326
"13904","L2 38","gap",15,"b","0","-","-",17016,"L2","Unambiguous",17016
"13932","L2 38","gap",21,"b","0","-","-",14816,"L2","Unambiguous",14816
"13938","L2 38","gap",24,"a","0","-","-",34933,"L2","Ambiguous",34933
"13959","L2 38","gap",14,"a","0","-","-",4247,"L2","Ambiguous",4247
"13969","L2 38","gap",13,"b","0","-","-",7620,"L2","Unambiguous",7620
"13972","L2 38","gap",18,"a","0","-","-",10903,"L2","Ambiguous",10903
"14025","L2 38","gap",22,"a","0","-","-",9507,"L2","Ambiguous",9507
"14028","L2 38","gap",17,"b","0","-","-",10547,"L2","Unambiguous",10547
"14032","L2 38","gap",19,"b","0","-","-",6220,"L2","Unambiguous",6220
"14054","L2 39","gap",14,"b","0","-","-",10176,"L2","Unambiguous",10176
"14088","L2 39","gap",19,"a","0","-","-",9203,"L2","Ambiguous",9203
"14095","L2 39","gap",24,"b","0","-","-",7299,"L2","Unambiguous",7299
"14110","L2 39","gap",17,"a","0","-","-",6070,"L2","Ambiguous",6070
"14132","L2 39","gap",20,"b","0","-","-",7191,"L2","Unambiguous",7191
"14139","L2 39","gap",15,"a","0","-","-",4466,"L2","Ambiguous",4466
"14142","L2 39","gap",16,"b","0","-","-",4680,"L2","Unambiguous",4680
"14152","L2 39","gap",18,"b","0","-","-",374,"L2","Unambiguous",374
"14156","L2 39","gap",22,"b","0","-","-",10273,"L2","Unambiguous",10273
"14173","L2 39","gap",13,"a","0","-","-",10170,"L2","Ambiguous",10170
"14207","L2 39","gap",23,"a","0","-","-",4565,"L2","Ambiguous",4565
"14210","L2 39","gap",21,"a","0","-","-",6488,"L2","Ambiguous",6488
"14252","L2 40","gap",13,"b","0","-","-",6525,"L2","Unambiguous",6525
"14260","L2 40","gap",17,"b","0","-","-",16445,"L2","Unambiguous",16445
"14264","L2 40","gap",20,"a","0","-","-",13645,"L2","Ambiguous",13645
"14277","L2 40","gap",21,"b","0","-","-",5287,"L2","Unambiguous",5287
"14304","L2 40","gap",16,"a","0","-","-",12101,"L2","Ambiguous",12101
"14318","L2 40","gap",19,"b","0","-","-",8943,"L2","Unambiguous",8943
"14326","L2 40","gap",24,"a","0","-","-",6230,"L2","Ambiguous",6230
"14352","L2 40","gap",18,"a","0","-","-",7111,"L2","Ambiguous",7111
"14359","L2 40","gap",22,"a","0","-","-",9765,"L2","Ambiguous",9765
"14366","L2 40","gap",15,"b","0","-","-",5349,"L2","Unambiguous",5349
"14380","L2 40","gap",23,"b","0","-","-",6555,"L2","Unambiguous",6555
"14384","L2 40","gap",14,"a","0","-","-",7322,"L2","Ambiguous",7322
